GEOID,County,Donald J. Trump,Joe R. Biden,Jo Jorgensen,Don_Per,Joe_Per,Don_MOV,Joe_MOV,Total_Pres,David A. Purdue,Jon Ossoff,Pur_Per,Oss_Per,Pur_MOV,Oss_MOV,Total_Sen1,Kelly Loeffler,Raphael Warnock,Others,Loe_Per,War_Per,Loe_MOV,War_MOV,Total_Sen2
13001,Appling,6526,1779,36,78.24,21.32,56.919999999999995,-56.919999999999995,8341,6306,1753,77.02,21.41,55.61,-55.61,8187,1807,1051,5301.0,22.14,12.88,9.26,-9.26,8159
13003,Atkinson,2300,825,30,72.9,26.14,46.760000000000005,-46.760000000000005,3155,2272,773,73.36,24.95,48.41,-48.41,3097,946,406,1643.0,31.58,13.55,18.029999999999998,-18.029999999999998,2995
13005,Bacon,4018,625,25,86.07,13.38,72.69,-72.69,4668,3929,591,85.59,12.87,72.72,-72.72,4590,1547,315,2650.0,34.28,6.98,27.3,-27.3,4512
13007,Baker,897,652,6,57.68,41.92,15.759999999999998,-15.759999999999998,1555,873,648,56.91,42.24,14.669999999999995,-14.669999999999995,1534,413,457,644.0,27.27,30.18,-2.91,2.91,1514
13009,Baldwin,8903,9140,208,48.78,50.07,-1.2899999999999991,1.2899999999999991,18251,8873,8783,49.07,48.57,0.5,-0.5,18082,4639,6167,7136.0,25.85,34.37,-8.519999999999996,8.519999999999996,17942
13011,Banks,7795,932,74,88.56,10.58,77.98,-77.98,8801,7636,899,87.51,10.3,77.21000000000001,-77.21000000000001,8725,2605,604,5470.0,30.01,6.95,23.060000000000002,-23.060000000000002,8679
13013,Barrow,26804,10453,664,70.68,27.56,43.120000000000005,-43.120000000000005,37921,26317,10066,70.03,26.78,43.25,-43.25,37576,14483,6025,16682.0,38.94,16.2,22.74,-22.74,37190
13015,Bartow,37674,12092,701,74.65,23.96,50.690000000000005,-50.690000000000005,50467,37009,11664,73.96,23.31,50.64999999999999,-50.64999999999999,50034,21183,7655,20781.0,42.69,15.42,27.269999999999996,-27.269999999999996,49619
13017,Ben Hill,4110,2392,58,62.65,36.46,26.189999999999998,-26.189999999999998,6560,4077,2284,62.94,35.26,27.68,-27.68,6477,1780,1308,3356.0,27.62,20.29,7.330000000000002,-7.330000000000002,6444
13019,Berrien,6419,1269,55,82.9,16.38,66.52000000000001,-66.52000000000001,7743,6286,1204,82.16,15.73,66.42999999999999,-66.42999999999999,7650,3318,701,3546.0,43.85,9.26,34.59,-34.59,7565
13021,Bibb,26585,43468,749,37.54,61.39,-23.85,23.85,70802,26645,41928,38.07,59.9,-21.83,21.83,69987,14584,30896,24460.0,20.85,44.17,-23.32,23.32,69940
13023,Bleckley,4328,1311,67,75.84,22.97,52.870000000000005,-52.870000000000005,5706,4281,1249,75.85,22.12,53.72999999999999,-53.72999999999999,5644,2133,876,2604.0,38.0,15.6,22.4,-22.4,5613
13025,Brantley,6991,699,56,90.25,9.02,81.23,-81.23,7746,6812,688,89.44,9.03,80.41,-80.41,7616,2410,236,4742.0,32.62,3.19,29.429999999999996,-29.429999999999996,7388
13027,Brooks,4260,2790,50,60.0,39.29,20.71,-20.71,7100,4250,2607,60.92,37.37,23.550000000000004,-23.550000000000004,6976,1953,1024,3858.0,28.57,14.98,13.59,-13.59,6835
13029,Bryan,14244,6739,357,66.74,31.57,35.169999999999995,-35.169999999999995,21340,14067,6497,66.46,30.69,35.769999999999996,-35.769999999999996,21163,7950,3941,8993.0,38.06,18.87,19.19,-19.19,20884
13031,Bulloch,18386,11243,455,61.11,37.37,23.740000000000002,-23.740000000000002,30084,18232,10846,61.19,36.4,24.79,-24.79,29793,8944,6665,13949.0,30.25,22.54,7.710000000000001,-7.710000000000001,29558
13033,Burke,5400,5209,75,50.54,48.75,1.7899999999999991,-1.7899999999999991,10684,5407,4989,51.2,47.24,3.960000000000001,-3.960000000000001,10560,3018,3158,4289.0,28.83,30.17,-1.3400000000000034,1.3400000000000034,10465
13035,Butts,8406,3274,91,71.41,27.81,43.599999999999994,-43.599999999999994,11771,8329,3129,71.35,26.8,44.55,-44.55,11673,4541,2207,4861.0,39.11,19.01,20.099999999999998,-20.099999999999998,11609
13037,Calhoun,923,1260,11,42.06,57.42,-15.36,15.36,2194,933,1211,42.95,55.75,-12.799999999999997,12.799999999999997,2172,510,819,827.0,23.65,37.98,-14.329999999999998,14.329999999999998,2156
13039,Camden,15251,7967,470,64.38,33.63,30.749999999999993,-30.749999999999993,23688,14987,7467,64.18,31.97,32.21000000000001,-32.21000000000001,23349,6631,2967,13319.0,28.93,12.94,15.99,-15.99,22917
13043,Candler,3133,1269,29,70.7,28.63,42.07000000000001,-42.07000000000001,4431,3077,1233,70.41,28.21,42.199999999999996,-42.199999999999996,4370,1555,778,1989.0,35.97,18.0,17.97,-17.97,4322
13045,Carroll,37476,16238,760,68.79,29.8,38.99000000000001,-38.99000000000001,54474,36997,15549,68.54,28.8,39.74000000000001,-39.74000000000001,53973,20167,10688,22832.0,37.56,19.9,17.660000000000004,-17.660000000000004,53687
13047,Catoosa,25167,6932,494,77.21,21.26,55.94999999999999,-55.94999999999999,32593,24571,6599,76.36,20.51,55.849999999999994,-55.849999999999994,32174,13577,2415,15722.0,42.81,7.61,35.2,-35.2,31714
13049,Charlton,3419,1103,44,74.87,24.15,50.720000000000006,-50.720000000000006,4566,3357,1016,74.98,22.69,52.290000000000006,-52.290000000000006,4477,1095,334,2894.0,25.32,7.72,17.6,-17.6,4323
13051,Chatham,53237,78254,1929,39.9,58.65,-18.75,18.75,133420,52988,75873,40.18,57.54,-17.36,17.36,131847,30435,54637,46351.0,23.15,41.57,-18.42,18.42,131423
13053,Chattahoochee,880,667,35,55.62,42.16,13.46,-13.46,1582,850,636,54.98,41.13,13.849999999999994,-13.849999999999994,1546,388,410,736.0,25.29,26.72,-1.4299999999999997,1.4299999999999997,1534
13055,Chattooga,8064,1854,132,80.23,18.44,61.790000000000006,-61.790000000000006,10050,7777,1886,78.25,18.97,59.28,-59.28,9938,3858,1129,4716.0,39.76,11.63,28.129999999999995,-28.129999999999995,9703
13057,Cherokee,99587,42794,2449,68.76,29.54,39.220000000000006,-39.220000000000006,144830,99384,39928,69.24,27.81,41.42999999999999,-41.42999999999999,143526,57372,27461,57407.0,40.33,19.3,21.029999999999998,-21.029999999999998,142240
13059,Clarke,14446,36048,839,28.14,70.22,-42.08,42.08,51333,15078,34549,29.59,67.8,-38.209999999999994,38.209999999999994,50950,8050,24636,18028.0,15.87,48.57,-32.7,32.7,50714
13061,Clay,637,790,7,44.42,55.09,-10.670000000000002,10.670000000000002,1434,647,748,45.69,52.82,-7.130000000000003,7.130000000000003,1416,305,474,630.0,21.64,33.64,-12.0,12.0,1409
13063,Clayton,15813,95476,1055,14.07,84.98,-70.91,70.91,112344,14841,93699,13.36,84.37,-71.01,71.01,111045,7087,65681,38494.0,6.36,59.03,-52.67,52.67,111262
13065,Clinch,2105,747,12,73.49,26.08,47.41,-47.41,2864,2083,660,74.47,23.59,50.879999999999995,-50.879999999999995,2797,1066,239,1395.0,39.48,8.85,30.629999999999995,-30.629999999999995,2700
13067,Cobb,165459,221846,6441,42.02,56.34,-14.32,14.32,393746,169658,210851,43.41,53.95,-10.540000000000006,10.540000000000006,390772,98534,146081,144348.0,25.33,37.55,-12.219999999999999,12.219999999999999,388963
13069,Coffee,10578,4511,125,69.52,29.65,39.87,-39.87,15214,10424,4281,69.53,28.55,40.980000000000004,-40.980000000000004,14991,4324,2455,7943.0,29.37,16.67,12.7,-12.7,14722
13071,Colquitt,11777,4187,119,73.22,26.03,47.19,-47.19,16083,11644,3990,73.27,25.1,48.169999999999995,-48.169999999999995,15891,6562,2531,6689.0,41.57,16.03,25.54,-25.54,15782
13073,Columbia,50013,29236,1330,62.06,36.28,25.78,-25.78,80579,50220,27759,62.84,34.73,28.110000000000007,-28.110000000000007,79907,28606,16245,34554.0,36.02,20.45,15.570000000000004,-15.570000000000004,79405
13075,Cook,4900,2059,76,69.65,29.26,40.39,-40.39,7035,4864,1963,69.76,28.15,41.61000000000001,-41.61000000000001,6972,2703,1085,3126.0,39.09,15.69,23.400000000000006,-23.400000000000006,6914
13077,Coweta,51501,24210,1088,67.05,31.52,35.53,-35.53,76799,51299,22915,67.39,30.1,37.29,-37.29,76122,28927,16593,30122.0,38.24,21.93,16.310000000000002,-16.310000000000002,75642
13079,Crawford,4428,1615,59,72.56,26.46,46.1,-46.1,6102,4330,1561,71.85,25.9,45.949999999999996,-45.949999999999996,6026,2281,1172,2545.0,38.02,19.53,18.490000000000002,-18.490000000000002,5998
13081,Crisp,4987,2986,66,62.03,37.14,24.89,-24.89,8039,5054,2809,63.42,35.25,28.17,-28.17,7968,2330,1738,3817.0,29.54,22.04,7.5,-7.5,7885
13083,Dade,6066,1261,107,81.59,16.96,64.63,-64.63,7434,5871,1253,80.07,17.08,62.989999999999995,-62.989999999999995,7332,3088,461,3608.0,43.14,6.44,36.7,-36.7,7157
13085,Dawson,13398,2486,197,83.31,15.45,67.86,-67.86,16081,13217,2289,83.0,14.37,68.63,-68.63,15924,5260,1506,9087.0,33.17,9.49,23.68,-23.68,15853
13087,Decatur,6758,4780,89,58.12,41.11,17.009999999999998,-17.009999999999998,11627,6696,4563,58.48,39.85,18.629999999999995,-18.629999999999995,11449,2980,1738,6601.0,26.32,15.35,10.97,-10.97,11319
13091,Dodge,5843,2171,56,72.4,26.9,45.50000000000001,-45.50000000000001,8070,5793,2021,72.84,25.41,47.43000000000001,-47.43000000000001,7952,2897,1421,3572.0,36.71,18.01,18.7,-18.7,7890
13093,Dooly,2159,1911,35,52.59,46.55,6.040000000000006,-6.040000000000006,4105,2158,1826,53.16,44.98,8.18,-8.18,4059,1041,1188,1776.0,25.99,29.66,-3.6700000000000017,3.6700000000000017,4005
13095,Dougherty,10454,24577,280,29.6,69.6,-39.99999999999999,39.99999999999999,35311,10588,23821,30.32,68.23,-37.910000000000004,37.910000000000004,34911,5620,17214,12042.0,16.11,49.35,-33.24,33.24,34876
13097,Douglas,25451,42809,837,36.83,61.95,-25.120000000000005,25.120000000000005,69097,25002,41796,36.53,61.06,-24.53,24.53,68441,14011,29454,24976.0,20.47,43.03,-22.560000000000002,22.560000000000002,68441
13099,Early,2722,2437,28,52.47,46.98,5.490000000000002,-5.490000000000002,5187,2796,2232,54.76,43.72,11.04,-11.04,5105,1133,1005,2831.0,22.8,20.22,2.580000000000002,-2.580000000000002,4969
13101,Echols,1256,167,18,87.16,11.58,75.58,-75.58,1441,1232,162,86.88,11.42,75.46,-75.46,1418,558,36,787.0,40.4,2.6,37.8,-37.8,1381
13103,Effingham,23358,7720,492,73.98,24.45,49.53,-49.53,31570,22832,7627,72.97,24.37,48.599999999999994,-48.599999999999994,31287,12742,4943,13289.0,41.13,15.95,25.180000000000003,-25.180000000000003,30974
13105,Elbert,6226,2879,66,67.88,31.39,36.489999999999995,-36.489999999999995,9171,6225,2717,68.59,29.93,38.660000000000004,-38.660000000000004,9075,1526,1237,6218.0,16.99,13.77,3.219999999999999,-3.219999999999999,8981
13107,Emanuel,6551,2884,66,68.95,30.35,38.6,-38.6,9501,6513,2720,69.52,29.03,40.489999999999995,-40.489999999999995,9368,3061,1692,4438.0,33.3,18.4,14.899999999999999,-14.899999999999999,9191
13109,Evans,2888,1324,35,68.0,31.17,36.83,-36.83,4247,2876,1251,68.62,29.84,38.78,-38.78,4191,1503,791,1853.0,36.24,19.07,17.17,-17.17,4147
13111,Fannin,12169,2571,110,81.94,17.31,64.63,-64.63,14850,11972,2415,81.51,16.44,65.07000000000001,-65.07000000000001,14686,3877,1694,9000.0,26.6,11.62,14.980000000000002,-14.980000000000002,14571
13113,Fayette,37952,33065,976,52.71,45.92,6.789999999999999,-6.789999999999999,71993,38403,31477,53.73,44.04,9.689999999999998,-9.689999999999998,71470,21759,22840,26343.0,30.67,32.19,-1.519999999999996,1.519999999999996,70942
13115,Floyd,29123,12008,517,69.92,28.83,41.09,-41.09,41648,28752,11480,69.63,27.8,41.83,-41.83,41288,15417,8151,17362.0,37.66,19.91,17.749999999999996,-17.749999999999996,40930
13117,Forsyth,85122,42203,1980,65.83,32.63,33.199999999999996,-33.199999999999996,129305,85652,39229,66.77,30.58,36.19,-36.19,128267,44383,23895,58722.0,34.94,18.81,16.13,-16.13,127000
13119,Franklin,9069,1593,103,84.24,14.79,69.44999999999999,-69.44999999999999,10765,8993,1465,84.48,13.76,70.72,-70.72,10645,2258,613,7715.0,21.33,5.79,15.54,-15.54,10586
13121,Fulton,137240,381144,6275,26.15,72.64,-46.49,46.49,524659,146466,363269,28.12,69.75,-41.629999999999995,41.629999999999995,520778,83536,263365,170706.0,16.13,50.88,-34.75,34.75,517607
13123,Gilmer,13429,2932,164,81.26,17.74,63.52000000000001,-63.52000000000001,16525,13206,2715,80.98,16.64,64.34,-64.34,16307,4908,1897,9396.0,30.29,11.7,18.59,-18.59,16201
13125,Glascock,1403,155,8,89.59,9.89,79.7,-79.7,1566,1366,150,88.7,9.74,78.96000000000001,-78.96000000000001,1540,819,84,597.0,54.6,5.6,49.0,-49.0,1500
13127,Glynn,25616,15879,489,61.01,37.82,23.189999999999998,-23.189999999999998,41984,25560,14938,61.63,36.02,25.61,-25.61,41468,11810,7272,21685.0,28.96,17.83,11.130000000000003,-11.130000000000003,40767
13129,Gordon,19405,4384,244,80.74,18.24,62.5,-62.5,24033,19011,4182,79.99,17.59,62.39999999999999,-62.39999999999999,23766,9539,2619,11312.0,40.64,11.15,29.490000000000002,-29.490000000000002,23470
13131,Grady,7034,3619,54,65.69,33.8,31.89,-31.89,10707,6969,3465,65.86,32.75,33.11,-33.11,10580,2719,1406,6281.0,26.12,13.51,12.610000000000001,-12.610000000000001,10406
13133,Greene,7068,4088,91,62.84,36.34,26.5,-26.5,11247,7247,3763,64.92,33.71,31.21,-31.21,11162,3349,2572,5202.0,30.1,23.12,6.98,-6.98,11123
13135,Gwinnett,166413,241827,5625,40.2,58.43,-18.229999999999997,18.229999999999997,413865,166754,233551,40.55,56.79,-16.240000000000002,16.240000000000002,411206,88613,142968,171134.0,22.0,35.5,-13.5,13.5,402715
13137,Habersham,16637,3563,232,81.42,17.43,63.99,-63.99,20432,16385,3340,80.87,16.48,64.39,-64.39,20259,5371,2133,12618.0,26.69,10.6,16.090000000000003,-16.090000000000003,20122
13139,Hall,64170,25031,1322,70.88,27.65,43.23,-43.23,90523,63833,23487,71.09,26.15,44.940000000000005,-44.940000000000005,89787,21965,14889,52641.0,24.54,16.63,7.91,-7.91,89495
13141,Hancock,1159,2985,21,27.82,71.66,-43.839999999999996,43.839999999999996,4165,1173,2858,28.63,69.75,-41.120000000000005,41.120000000000005,4097,608,2129,1352.0,14.86,52.06,-37.2,37.2,4089
13143,Haralson,12331,1792,125,86.54,12.57,73.97,-73.97,14248,12016,1764,85.12,12.49,72.63000000000001,-72.63000000000001,14116,6533,1200,6236.0,46.76,8.59,38.17,-38.17,13969
13145,Harris,14319,5457,215,71.62,27.29,44.330000000000005,-44.330000000000005,19991,14279,5192,71.92,26.15,45.77,-45.77,19854,7090,3776,8872.0,35.92,19.13,16.790000000000003,-16.790000000000003,19738
13147,Hart,9464,3157,106,74.36,24.8,49.56,-49.56,12727,9377,2937,74.82,23.43,51.38999999999999,-51.38999999999999,12532,2080,1302,8972.0,16.83,10.53,6.299999999999999,-6.299999999999999,12354
13149,Heard,4516,824,51,83.76,15.28,68.48,-68.48,5391,4413,802,82.82,15.05,67.77,-67.77,5328,2542,592,2113.0,48.44,11.28,37.16,-37.16,5247
13151,Henry,48187,73276,1279,39.25,59.69,-20.439999999999998,20.439999999999998,122742,47486,71592,39.01,58.82,-19.810000000000002,19.810000000000002,121709,26824,49407,45239.0,22.08,40.67,-18.590000000000003,18.590000000000003,121470
13153,Houston,41534,32232,1057,55.5,43.07,12.43,-12.43,74823,41428,30955,55.86,41.73,14.130000000000003,-14.130000000000003,74162,22327,21945,29546.0,30.24,29.72,0.5199999999999996,-0.5199999999999996,73818
13155,Irwin,3134,1008,26,75.19,24.18,51.01,-51.01,4168,3095,982,74.68,23.69,50.99000000000001,-50.99000000000001,4144,1459,606,2028.0,35.64,14.8,20.84,-20.84,4093
13157,Jackson,29497,7642,531,78.3,20.28,58.019999999999996,-58.019999999999996,37670,29166,7262,78.01,19.42,58.59,-58.59,37383,12593,4783,19780.0,33.89,12.87,21.020000000000003,-21.020000000000003,37156
13159,Jasper,5822,1761,61,76.16,23.03,53.129999999999995,-53.129999999999995,7644,5751,1690,75.75,22.26,53.489999999999995,-53.489999999999995,7592,3246,1218,3073.0,43.06,16.16,26.900000000000002,-26.900000000000002,7537
13161,Jeff Davis,4695,1028,48,81.35,17.81,63.53999999999999,-63.53999999999999,5771,4574,1013,80.27,17.77,62.5,-62.5,5698,1719,590,3294.0,30.67,10.53,20.14,-20.14,5603
13163,Jefferson,3537,4061,44,46.28,53.14,-6.859999999999999,6.859999999999999,7642,3539,3913,46.84,51.8,-4.959999999999994,4.959999999999994,7554,1847,2487,3128.0,24.75,33.32,-8.57,8.57,7462
13165,Jenkins,2161,1266,28,62.54,36.64,25.9,-25.9,3455,2155,1194,63.38,35.11,28.270000000000003,-28.270000000000003,3400,1104,806,1456.0,32.79,23.94,8.849999999999998,-8.849999999999998,3366
13167,Johnson,2850,1222,28,69.51,29.8,39.71000000000001,-39.71000000000001,4100,2801,1158,69.43,28.7,40.730000000000004,-40.730000000000004,4034,1376,763,1822.0,34.73,19.26,15.469999999999995,-15.469999999999995,3961
13169,Jones,9965,4888,113,66.58,32.66,33.92,-33.92,14966,9854,4687,66.39,31.57,34.82,-34.82,14842,5397,3496,5861.0,36.57,23.69,12.879999999999999,-12.879999999999999,14754
13171,Lamar,6330,2615,94,70.02,28.93,41.089999999999996,-41.089999999999996,9039,6280,2511,69.87,27.93,41.940000000000005,-41.940000000000005,8988,3243,1994,3706.0,36.26,22.29,13.969999999999999,-13.969999999999999,8943
13173,Lanier,2509,1019,48,70.16,28.49,41.67,-41.67,3576,2481,944,70.5,26.82,43.68,-43.68,3519,1191,365,1872.0,34.74,10.64,24.1,-24.1,3428
13175,Laurens,14493,8073,163,63.76,35.51,28.25,-28.25,22729,14363,7698,63.9,34.25,29.65,-29.65,22474,6592,5334,10397.0,29.53,23.89,5.640000000000001,-5.640000000000001,22323
13177,Lee,12007,4558,149,71.83,27.27,44.56,-44.56,16714,11862,4424,71.63,26.71,44.919999999999995,-44.919999999999995,16559,6365,2970,7123.0,38.67,18.04,20.630000000000003,-20.630000000000003,16458
13179,Liberty,7959,13099,331,37.21,61.24,-24.03,24.03,21389,7743,12738,36.71,60.39,-23.68,23.68,21091,3759,7723,9471.0,17.94,36.85,-18.91,18.91,20953
13181,Lincoln,3179,1435,36,68.36,30.86,37.5,-37.5,4650,3139,1371,68.34,29.84,38.5,-38.5,4593,1725,803,2033.0,37.82,17.6,20.22,-20.22,4561
13183,Long,3528,2033,95,62.37,35.94,26.43,-26.43,5656,3389,2029,60.72,36.35,24.369999999999997,-24.369999999999997,5581,1708,1233,2579.0,30.94,22.33,8.610000000000003,-8.610000000000003,5520
13185,Lowndes,25691,20117,547,55.42,43.39,12.030000000000001,-12.030000000000001,46355,25620,19124,55.97,41.78,14.189999999999998,-14.189999999999998,45772,12607,7931,24607.0,27.92,17.56,10.360000000000003,-10.360000000000003,45145
13187,Lumpkin,12163,3126,242,78.31,20.12,58.19,-58.19,15531,11941,2926,77.72,19.04,58.68,-58.68,15363,4366,2042,8916.0,28.49,13.32,15.169999999999998,-15.169999999999998,15324
13189,McDuffie,6169,4168,118,59.0,39.86,19.14,-19.14,10455,6198,3968,59.76,38.26,21.5,-21.5,10370,3503,2387,4417.0,33.98,23.15,10.829999999999998,-10.829999999999998,10307
13191,McIntosh,4016,2612,68,59.97,39.0,20.97,-20.97,6696,3967,2498,60.08,37.83,22.25,-22.25,6602,2117,1545,2832.0,32.59,23.79,8.800000000000004,-8.800000000000004,6494
13193,Macon,1783,2857,22,38.24,61.28,-23.04,23.04,4662,1787,2727,38.9,59.37,-20.47,20.47,4593,823,1987,1743.0,18.07,43.64,-25.57,25.57,4553
13195,Madison,11326,3411,200,75.82,22.83,52.989999999999995,-52.989999999999995,14937,11136,3303,75.25,22.32,52.93,-52.93,14798,4808,2284,7582.0,32.76,15.56,17.199999999999996,-17.199999999999996,14674
13197,Marion,2275,1311,38,62.77,36.17,26.6,-26.6,3624,2248,1267,62.46,35.2,27.259999999999998,-27.259999999999998,3599,1078,849,1623.0,30.36,23.91,6.449999999999999,-6.449999999999999,3550
13199,Meriwether,6524,4287,66,59.97,39.41,20.560000000000002,-20.560000000000002,10877,6432,4135,59.76,38.42,21.339999999999996,-21.339999999999996,10762,3255,3018,4421.0,30.43,28.22,2.210000000000001,-2.210000000000001,10694
13201,Miller,2066,749,20,72.87,26.41,46.46000000000001,-46.46000000000001,2835,2047,687,73.6,24.7,48.89999999999999,-48.89999999999999,2781,881,271,1491.0,33.33,10.25,23.08,-23.08,2643
13205,Mitchell,4935,3995,33,55.05,44.57,10.479999999999997,-10.479999999999997,8963,4921,3832,55.47,43.19,12.280000000000001,-12.280000000000001,8871,2090,2598,4122.0,23.72,29.48,-5.760000000000002,5.760000000000002,8810
13207,Monroe,11060,4384,148,70.93,28.11,42.82000000000001,-42.82000000000001,15592,10929,4205,70.83,27.25,43.58,-43.58,15428,6077,3197,6071.0,39.6,20.83,18.770000000000003,-18.770000000000003,15345
13209,Montgomery,2960,979,27,74.63,24.68,49.949999999999996,-49.949999999999996,3966,2927,931,74.66,23.75,50.91,-50.91,3920,1332,582,1924.0,34.7,15.16,19.540000000000003,-19.540000000000003,3838
13211,Morgan,8230,3355,122,70.29,28.65,41.64000000000001,-41.64000000000001,11707,8259,3151,71.03,27.1,43.93,-43.93,11627,4360,2392,4813.0,37.69,20.68,17.009999999999998,-17.009999999999998,11565
13213,Murray,12943,2302,144,84.1,14.95,69.14999999999999,-69.14999999999999,15389,12493,2296,82.45,15.15,67.3,-67.3,15151,6300,765,7666.0,42.76,5.19,37.57,-37.57,14731
13215,Muscogee,30049,49529,965,37.3,61.49,-24.190000000000005,24.190000000000005,80543,30226,47552,37.99,59.77,-21.78,21.78,79550,15307,32560,31481.0,19.29,41.03,-21.740000000000002,21.740000000000002,79348
13217,Newton,23869,29794,576,44.0,54.93,-10.93,10.93,54239,23408,29220,43.52,54.33,-10.809999999999995,10.809999999999995,53778,13443,20450,19679.0,25.09,38.17,-13.080000000000002,13.080000000000002,53572
13219,Oconee,16595,8162,411,65.93,32.43,33.50000000000001,-33.50000000000001,25168,17108,7465,68.04,29.69,38.35000000000001,-38.35000000000001,25142,9914,5448,9547.0,39.8,21.87,17.929999999999996,-17.929999999999996,24909
13221,Oglethorpe,5593,2436,102,68.78,29.95,38.83,-38.83,8131,5500,2323,68.26,28.83,39.43000000000001,-39.43000000000001,8057,2901,1720,3349.0,36.39,21.58,14.810000000000002,-14.810000000000002,7970
13223,Paulding,54525,29704,1156,63.85,34.78,29.07,-29.07,85385,53485,28755,63.25,34.01,29.240000000000002,-29.240000000000002,84548,30597,19118,34271.0,36.43,22.76,13.669999999999998,-13.669999999999998,83986
13225,Peach,6502,5920,123,51.82,47.19,4.630000000000003,-4.630000000000003,12545,6483,5702,52.14,45.86,6.280000000000001,-6.280000000000001,12432,3358,4032,4962.0,27.18,32.64,-5.460000000000001,5.460000000000001,12352
13227,Pickens,14075,2808,233,82.23,16.4,65.83000000000001,-65.83000000000001,17116,13860,2678,81.67,15.78,65.89,-65.89,16969,6003,2076,8757.0,35.65,12.33,23.32,-23.32,16836
13229,Pierce,7899,1100,49,87.3,12.15,75.14999999999999,-75.14999999999999,9048,7810,1002,87.35,11.2,76.14999999999999,-76.14999999999999,8941,2821,478,5487.0,32.1,5.44,26.66,-26.66,8786
13231,Pike,9127,1505,88,85.13,14.03,71.1,-71.1,10720,9045,1430,84.93,13.42,71.51,-71.51,10649,4965,1118,4493.0,46.94,10.57,36.37,-36.37,10576
13233,Polk,13589,3658,152,78.1,21.02,57.08,-57.08,17399,13282,3537,77.06,20.52,56.540000000000006,-56.540000000000006,17235,6942,2331,7745.0,40.79,13.69,27.1,-27.1,17018
13235,Pulaski,2805,1217,37,69.1,29.98,39.11999999999999,-39.11999999999999,4059,2787,1139,69.58,28.43,41.15,-41.15,4005,1480,815,1684.0,37.19,20.48,16.709999999999997,-16.709999999999997,3979
13237,Putnam,8291,3448,116,69.93,29.08,40.85000000000001,-40.85000000000001,11855,8279,3299,70.35,28.03,42.31999999999999,-42.31999999999999,11767,4208,2445,5041.0,35.98,20.9,15.079999999999998,-15.079999999999998,11694
13239,Quitman,604,497,5,54.61,44.93,9.68,-9.68,1106,600,470,55.29,43.31,11.979999999999997,-11.979999999999997,1085,285,283,509.0,26.46,26.27,0.19000000000000128,-0.19000000000000128,1077
13241,Rabun,7474,1984,110,78.11,20.73,57.379999999999995,-57.379999999999995,9568,7392,1825,78.04,19.26,58.78,-58.78,9472,2475,1223,5688.0,26.36,13.03,13.33,-13.33,9386
13243,Randolph,1391,1671,12,45.25,54.35,-9.100000000000001,9.100000000000001,3074,1404,1606,46.16,52.81,-6.650000000000006,6.650000000000006,3041,706,1179,1137.0,23.36,39.01,-15.649999999999999,15.649999999999999,3022
13245,Richmond,26781,59124,1111,30.77,67.94,-37.17,37.17,87016,27052,56786,31.46,66.05,-34.589999999999996,34.589999999999996,85968,15394,34331,36019.0,17.95,40.03,-22.080000000000002,22.080000000000002,85744
13247,Rockdale,13012,31244,430,29.11,69.91,-40.8,40.8,44686,12716,30641,28.72,69.22,-40.5,40.5,44263,7323,21942,14947.0,16.56,49.62,-33.06,33.06,44212
13249,Schley,1800,462,13,79.12,20.3,58.82000000000001,-58.82000000000001,2275,1783,439,79.03,19.45,59.58,-59.58,2256,774,315,1137.0,34.77,14.15,20.620000000000005,-20.620000000000005,2226
13251,Screven,3916,2661,51,59.08,40.14,18.939999999999998,-18.939999999999998,6628,3893,2589,59.46,39.54,19.92,-19.92,6547,2078,1685,2694.0,32.18,26.09,6.09,-6.09,6457
13253,Seminole,2611,1254,19,67.22,32.28,34.94,-34.94,3884,2597,1187,67.66,30.92,36.739999999999995,-36.739999999999995,3838,1021,419,2303.0,27.27,11.19,16.08,-16.08,3743
13255,Spalding,18057,11784,275,59.95,39.12,20.830000000000005,-20.830000000000005,30116,17768,11355,59.69,38.15,21.54,-21.54,29764,9759,8543,11411.0,32.84,28.75,4.090000000000003,-4.090000000000003,29713
13257,Stephens,9368,2385,132,78.82,20.06,58.75999999999999,-58.75999999999999,11885,9353,2187,79.47,18.58,60.89,-60.89,11768,2126,1144,8368.0,18.26,9.82,8.440000000000001,-8.440000000000001,11638
13259,Stewart,801,1182,7,40.25,59.39,-19.14,19.14,1990,803,1115,41.11,57.09,-15.980000000000004,15.980000000000004,1953,327,764,815.0,17.15,40.08,-22.93,22.93,1906
13261,Sumter,5732,6318,100,47.17,52.0,-4.829999999999998,4.829999999999998,12150,5743,6114,47.77,50.85,-3.0799999999999983,3.0799999999999983,12022,2553,4474,4951.0,21.31,37.35,-16.040000000000003,16.040000000000003,11978
13263,Talbot,1392,2114,16,39.52,60.02,-20.5,20.5,3522,1386,2013,40.17,58.34,-18.17,18.17,3450,677,1531,1244.0,19.61,44.35,-24.740000000000002,24.740000000000002,3452
13265,Taliaferro,360,561,7,38.79,60.45,-21.660000000000004,21.660000000000004,928,366,521,40.57,57.76,-17.189999999999998,17.189999999999998,902,178,343,363.0,20.13,38.8,-18.669999999999998,18.669999999999998,884
13267,Tattnall,6053,2061,69,73.97,25.18,48.79,-48.79,8183,5954,1978,73.58,24.44,49.14,-49.14,8091,3047,1200,3690.0,38.38,15.11,23.270000000000003,-23.270000000000003,7937
13269,Taylor,2418,1387,34,62.98,36.12,26.86,-26.86,3839,2399,1312,63.26,34.59,28.669999999999995,-28.669999999999995,3792,1173,962,1634.0,31.12,25.52,5.600000000000001,-5.600000000000001,3769
13271,Telfair,2825,1487,21,65.19,34.31,30.879999999999995,-30.879999999999995,4333,2751,1435,64.65,33.72,30.930000000000007,-30.930000000000007,4255,1187,1003,1999.0,28.33,23.94,4.389999999999997,-4.389999999999997,4189
13273,Terrell,2004,2376,36,45.38,53.8,-8.419999999999995,8.419999999999995,4416,2040,2277,46.62,52.04,-5.420000000000002,5.420000000000002,4375,1058,1508,1782.0,24.33,34.68,-10.350000000000001,10.350000000000001,4348
13275,Thomas,12954,8708,191,59.27,39.84,19.43,-19.43,21853,13020,8158,60.27,37.76,22.510000000000005,-22.510000000000005,21600,5725,3809,11719.0,26.93,17.92,9.009999999999998,-9.009999999999998,21253
13277,Tift,10784,5322,177,66.22,32.68,33.54,-33.54,16283,10814,4956,67.27,30.83,36.44,-36.44,16075,5603,3284,7100.0,35.04,20.54,14.5,-14.5,15987
13279,Toombs,7872,2939,103,72.12,26.92,45.2,-45.2,10914,7793,2832,72.17,26.22,45.95,-45.95,10798,3456,1760,5435.0,32.44,16.52,15.919999999999998,-15.919999999999998,10651
13281,Towns,6384,1550,45,80.01,19.42,60.59,-60.59,7979,6291,1451,79.75,18.39,61.36,-61.36,7888,2036,1017,4794.0,25.94,12.96,12.98,-12.98,7847
13283,Treutlen,2101,952,24,68.28,30.93,37.35,-37.35,3077,2078,893,68.73,29.54,39.190000000000005,-39.190000000000005,3023,965,551,1449.0,32.54,18.58,13.96,-13.96,2965
13285,Troup,18143,11578,328,60.37,38.53,21.839999999999996,-21.839999999999996,30049,18162,11111,60.92,37.27,23.65,-23.65,29809,9163,7472,12903.0,31.02,25.29,5.73,-5.73,29538
13287,Turner,2349,1410,33,61.94,37.18,24.759999999999998,-24.759999999999998,3792,2334,1345,62.38,35.95,26.43,-26.43,3741,1310,866,1541.0,35.24,23.29,11.950000000000003,-11.950000000000003,3717
13289,Twiggs,2370,2044,30,53.33,45.99,7.339999999999996,-7.339999999999996,4444,2313,1981,52.79,45.21,7.579999999999998,-7.579999999999998,4381,1271,1508,1565.0,29.25,34.71,-5.460000000000001,5.460000000000001,4344
13291,Union,12651,2801,108,81.3,18.0,63.3,-63.3,15560,12423,2616,80.78,17.01,63.769999999999996,-63.769999999999996,15378,3945,1904,9513.0,25.68,12.39,13.29,-13.29,15362
13293,Upson,8608,4201,96,66.7,32.55,34.150000000000006,-34.150000000000006,12905,8568,4000,67.02,31.28,35.739999999999995,-35.739999999999995,12784,4239,3079,5405.0,33.31,24.2,9.110000000000003,-9.110000000000003,12723
13295,Walker,23174,5769,411,78.94,19.65,59.29,-59.29,29354,22650,5435,78.18,18.76,59.42,-59.42,28968,12258,2113,14165.0,42.95,7.4,35.550000000000004,-35.550000000000004,28536
13297,Walton,37842,12682,571,74.06,24.82,49.24,-49.24,51095,37399,12146,73.71,23.93,49.779999999999994,-49.779999999999994,50738,22813,8443,19152.0,45.25,16.74,28.51,-28.51,50408
13299,Ware,9865,4211,116,69.51,29.67,39.84,-39.84,14192,9773,3937,69.91,28.16,41.75,-41.75,13979,3295,1748,8705.0,23.96,12.71,11.25,-11.25,13748
13301,Warren,1166,1469,16,43.98,55.41,-11.43,11.43,2651,1161,1407,44.41,53.82,-9.410000000000004,9.410000000000004,2614,631,817,1136.0,24.41,31.61,-7.199999999999999,7.199999999999999,2584
13303,Washington,4663,4730,66,49.29,50.0,-0.7100000000000009,0.7100000000000009,9459,4630,4477,49.89,48.24,1.6499999999999986,-1.6499999999999986,9279,2376,3046,3775.0,25.83,33.11,-7.280000000000001,7.280000000000001,9197
13305,Wayne,9987,2687,104,78.15,21.02,57.13000000000001,-57.13000000000001,12778,9734,2655,77.05,21.01,56.03999999999999,-56.03999999999999,12633,4791,1660,6022.0,38.41,13.3,25.109999999999996,-25.109999999999996,12473
13307,Webster,748,639,3,53.81,45.97,7.840000000000003,-7.840000000000003,1390,736,626,53.64,45.62,8.020000000000003,-8.020000000000003,1372,324,443,592.0,23.84,32.59,-8.750000000000004,8.750000000000004,1359
13309,Wheeler,1583,689,13,69.27,30.15,39.12,-39.12,2285,1562,657,69.29,29.14,40.150000000000006,-40.150000000000006,2254,688,460,1080.0,30.87,20.64,10.23,-10.23,2228
13311,White,12222,2411,183,82.49,16.27,66.22,-66.22,14816,12072,2273,82.03,15.44,66.59,-66.59,14716,4033,1604,9009.0,27.53,10.95,16.580000000000002,-16.580000000000002,14646
13313,Whitfield,25636,10670,440,69.76,29.03,40.730000000000004,-40.730000000000004,36746,25158,10177,69.31,28.03,41.28,-41.28,36297,12905,3876,18812.0,36.25,10.88,25.369999999999997,-25.369999999999997,35593
13315,Wilcox,2403,862,16,73.23,26.27,46.96000000000001,-46.96000000000001,3281,2369,805,73.34,24.92,48.42,-48.42,3230,1155,538,1525.0,35.89,16.71,19.18,-19.18,3218
13317,Wilkes,2823,2160,46,56.13,42.95,13.18,-13.18,5029,2810,2057,56.82,41.59,15.229999999999997,-15.229999999999997,4945,1493,1257,2155.0,30.43,25.62,4.809999999999999,-4.809999999999999,4905
13319,Wilkinson,2664,2075,31,55.84,43.5,12.340000000000003,-12.340000000000003,4770,2608,2017,55.44,42.87,12.57,-12.57,4704,1407,1539,1743.0,30.0,32.82,-2.8200000000000003,2.8200000000000003,4689
13321,Worth,6830,2395,60,73.55,25.79,47.76,-47.76,9285,6726,2327,73.02,25.26,47.75999999999999,-47.75999999999999,9210,3541,1589,3999.0,38.78,17.4,21.380000000000003,-21.380000000000003,9129
